﻿Designator,Quantity,Value,Footprint,Package,MPN,DNP,Mount_Type,Description
A1,1,RaspberryPi_Pico,RaspberryPi_Pico_Common_SMD,,,,smt,"Versatile and inexpensive microcontroller module powered by RP2040 dual-core Arm Cortex-M0+ processor up to 133 MHz, 264kB SRAM, 2MB QSPI flash; also supports Raspberry Pi Pico 2"
"C1, C2",2,500u,L_1008_2520Metric,,,,smt,"SMD 0805 MLCC capacitor, Alternate KiCad Library"
"C10, C11, C12, C13, C14, C15, C16, C17, C18, C19, C20, C21, C22, C23, C24, C25, C26, C27, C28, C29, C3, C30, C31, C32, C33, C34, C35, C36, C37, C38, C39, C4, C40, C41, C42, C5, C6, C7, C8, C9",40,1u,C_0402_1005Metric,,,,smt,"SMD 0805 MLCC capacitor, Alternate KiCad Library"
"D1, D10, D11, D12, D13, D14, D15, D16, D17, D18, D19, D2, D20, D21, D22, D23, D24, D25, D26, D27, D28, D29, D3, D30, D31, D32, D33, D34, D35, D36, D37, D38, D39, D4, D40, D5, D6, D7, D8, D9",40,WS2812B-2020,LED_WS2812B-2020_PLCC4_2.0x2.0mm,,,,smt,"RGB LED with integrated controller, 2.0 x 2.0 mm, 12 mA"
"HE_1, HE_10, HE_11, HE_12, HE_13, HE_14, HE_15, HE_16, HE_17, HE_18, HE_19, HE_2, HE_20, HE_21, HE_22, HE_23, HE_24, HE_25, HE_26, HE_27, HE_28, HE_29, HE_3, HE_30, HE_31, HE_32, HE_33, HE_34, HE_35, HE_36, HE_37, HE_38, HE_39, HE_4, HE_40, HE_5, HE_6, HE_7, HE_8, HE_9",40,~,SOT-23-3,,,,smt,
"R1, R2, R3",3,10k,R_0805_2012Metric,,,,smt,Resistor
R4,1,400,R_0603_1608Metric,,,,smt,"SMD 0603 Chip Resistor, US Symbol, Alternate KiCad Library"
"U1, U2, U3",3,CD74HC4067M,TSSOP-24_4.4x7.8mm_P0.65mm,,,,smt,"High-Speed CMOS Logic 16-Channel Analog Multiplexer/Demultiplexer, SOIC-24"
